,operation,time
0,total,0.18548512276695422
1,fetch,0.002301465750581089
2,tensorset,0.12586317569472674
3,modelrun,0.055482258387654144
4,tensorget,0.0018382229339922358
